item,sex,age_group,score,raw_value
bmi,male,大一、大二,80,0
bmi,male,大一、大二,80,17.8
bmi,male,大一、大二,100,17.9
bmi,male,大一、大二,100,23.9
bmi,male,大一、大二,80,24
bmi,male,大一、大二,80,27.9
bmi,male,大一、大二,60,28
bmi,male,大一、大二,60,999
bmi,male,大三、大四,80,0
bmi,male,大三、大四,80,17.8
bmi,male,大三、大四,100,17.9
bmi,male,大三、大四,100,23.9
bmi,male,大三、大四,80,24
bmi,male,大三、大四,80,27.9
bmi,male,大三、大四,60,28
bmi,male,大三、大四,60,999
bmi,female,大一、大二,80,0
bmi,female,大一、大二,80,17.1
bmi,female,大一、大二,100,17.2
bmi,female,大一、大二,100,23.9
bmi,female,大一、大二,80,24
bmi,female,大一、大二,80,27.9
bmi,female,大一、大二,60,28
bmi,female,大一、大二,60,999
bmi,female,大三、大四,80,0
bmi,female,大三、大四,80,17.1
bmi,female,大三、大四,100,17.2
bmi,female,大三、大四,100,23.9
bmi,female,大三、大四,80,24
bmi,female,大三、大四,80,27.9
bmi,female,大三、大四,60,28
bmi,female,大三、大四,60,999
vital_capacity,male,大一、大二,100,5040
vital_capacity,male,大一、大二,95,4920
vital_capacity,male,大一、大二,90,4800
vital_capacity,male,大一、大二,85,4550
vital_capacity,male,大一、大二,80,4300
vital_capacity,male,大一、大二,78,4180
vital_capacity,male,大一、大二,76,4060
vital_capacity,male,大一、大二,74,3940
vital_capacity,male,大一、大二,72,3820
vital_capacity,male,大一、大二,70,3700
vital_capacity,male,大一、大二,68,3580
vital_capacity,male,大一、大二,66,3460
vital_capacity,male,大一、大二,64,3340
vital_capacity,male,大一、大二,62,3220
vital_capacity,male,大一、大二,60,3100
vital_capacity,male,大一、大二,50,2940
vital_capacity,male,大一、大二,40,2780
vital_capacity,male,大一、大二,30,2620
vital_capacity,male,大一、大二,20,2460
vital_capacity,male,大一、大二,10,2300
vital_capacity,male,大三、大四,100,5140
vital_capacity,male,大三、大四,95,5020
vital_capacity,male,大三、大四,90,4900
vital_capacity,male,大三、大四,85,4650
vital_capacity,male,大三、大四,80,4400
vital_capacity,male,大三、大四,78,4280
vital_capacity,male,大三、大四,76,4160
vital_capacity,male,大三、大四,74,4040
vital_capacity,male,大三、大四,72,3920
vital_capacity,male,大三、大四,70,3800
vital_capacity,male,大三、大四,68,3680
vital_capacity,male,大三、大四,66,3560
vital_capacity,male,大三、大四,64,3440
vital_capacity,male,大三、大四,62,3320
vital_capacity,male,大三、大四,60,3200
vital_capacity,male,大三、大四,50,3030
vital_capacity,male,大三、大四,40,2860
vital_capacity,male,大三、大四,30,2690
vital_capacity,male,大三、大四,20,2520
vital_capacity,male,大三、大四,10,2350
vital_capacity,female,大一、大二,100,3400
vital_capacity,female,大一、大二,95,3350
vital_capacity,female,大一、大二,90,3300
vital_capacity,female,大一、大二,85,3150
vital_capacity,female,大一、大二,80,3000
vital_capacity,female,大一、大二,78,2900
vital_capacity,female,大一、大二,76,2800
vital_capacity,female,大一、大二,74,2700
vital_capacity,female,大一、大二,72,2600
vital_capacity,female,大一、大二,70,2500
vital_capacity,female,大一、大二,68,2400
vital_capacity,female,大一、大二,66,2300
vital_capacity,female,大一、大二,64,2200
vital_capacity,female,大一、大二,62,2100
vital_capacity,female,大一、大二,60,2000
vital_capacity,female,大一、大二,50,1960
vital_capacity,female,大一、大二,40,1920
vital_capacity,female,大一、大二,30,1880
vital_capacity,female,大一、大二,20,1840
vital_capacity,female,大一、大二,10,1800
vital_capacity,female,大三、大四,100,3450
vital_capacity,female,大三、大四,95,3400
vital_capacity,female,大三、大四,90,3350
vital_capacity,female,大三、大四,85,3200
vital_capacity,female,大三、大四,80,3050
vital_capacity,female,大三、大四,78,2950
vital_capacity,female,大三、大四,76,2850
vital_capacity,female,大三、大四,74,2750
vital_capacity,female,大三、大四,72,2650
vital_capacity,female,大三、大四,70,2550
vital_capacity,female,大三、大四,68,2450
vital_capacity,female,大三、大四,66,2350
vital_capacity,female,大三、大四,64,2250
vital_capacity,female,大三、大四,62,2150
vital_capacity,female,大三、大四,60,2050
vital_capacity,female,大三、大四,50,2010
vital_capacity,female,大三、大四,40,1970
vital_capacity,female,大三、大四,30,1930
vital_capacity,female,大三、大四,20,1890
vital_capacity,female,大三、大四,10,1850
sprint_50m,male,大一、大二,100,6.7
sprint_50m,male,大一、大二,95,6.8
sprint_50m,male,大一、大二,90,6.9
sprint_50m,male,大一、大二,85,7
sprint_50m,male,大一、大二,80,7.1
sprint_50m,male,大一、大二,78,7.3
sprint_50m,male,大一、大二,76,7.5
sprint_50m,male,大一、大二,74,7.7
sprint_50m,male,大一、大二,72,7.9
sprint_50m,male,大一、大二,70,8.1
sprint_50m,male,大一、大二,68,8.3
sprint_50m,male,大一、大二,66,8.5
sprint_50m,male,大一、大二,64,8.7
sprint_50m,male,大一、大二,62,8.9
sprint_50m,male,大一、大二,60,9.1
sprint_50m,male,大一、大二,50,9.3
sprint_50m,male,大一、大二,40,9.5
sprint_50m,male,大一、大二,30,9.7
sprint_50m,male,大一、大二,20,9.9
sprint_50m,male,大一、大二,10,10.1
sprint_50m,male,大三、大四,100,6.6
sprint_50m,male,大三、大四,95,6.7
sprint_50m,male,大三、大四,90,6.8
sprint_50m,male,大三、大四,85,6.9
sprint_50m,male,大三、大四,80,7
sprint_50m,male,大三、大四,78,7.2
sprint_50m,male,大三、大四,76,7.4
sprint_50m,male,大三、大四,74,7.6
sprint_50m,male,大三、大四,72,7.8
sprint_50m,male,大三、大四,70,8
sprint_50m,male,大三、大四,68,8.2
sprint_50m,male,大三、大四,66,8.4
sprint_50m,male,大三、大四,64,8.6
sprint_50m,male,大三、大四,62,8.8
sprint_50m,male,大三、大四,60,9
sprint_50m,male,大三、大四,50,9.2
sprint_50m,male,大三、大四,40,9.4
sprint_50m,male,大三、大四,30,9.6
sprint_50m,male,大三、大四,20,9.8
sprint_50m,male,大三、大四,10,10
sprint_50m,female,大一、大二,100,7.5
sprint_50m,female,大一、大二,95,7.6
sprint_50m,female,大一、大二,90,7.7
sprint_50m,female,大一、大二,85,8
sprint_50m,female,大一、大二,80,8.3
sprint_50m,female,大一、大二,78,8.5
sprint_50m,female,大一、大二,76,8.7
sprint_50m,female,大一、大二,74,8.9
sprint_50m,female,大一、大二,72,9.1
sprint_50m,female,大一、大二,70,9.3
sprint_50m,female,大一、大二,68,9.5
sprint_50m,female,大一、大二,66,9.7
sprint_50m,female,大一、大二,64,9.9
sprint_50m,female,大一、大二,62,10.1
sprint_50m,female,大一、大二,60,10.3
sprint_50m,female,大一、大二,50,10.5
sprint_50m,female,大一、大二,40,10.7
sprint_50m,female,大一、大二,30,10.9
sprint_50m,female,大一、大二,20,11.1
sprint_50m,female,大一、大二,10,11.3
sprint_50m,female,大三、大四,100,7.4
sprint_50m,female,大三、大四,95,7.5
sprint_50m,female,大三、大四,90,7.6
sprint_50m,female,大三、大四,85,7.9
sprint_50m,female,大三、大四,80,8.2
sprint_50m,female,大三、大四,78,8.4
sprint_50m,female,大三、大四,76,8.6
sprint_50m,female,大三、大四,74,8.8
sprint_50m,female,大三、大四,72,9
sprint_50m,female,大三、大四,70,9.2
sprint_50m,female,大三、大四,68,9.4
sprint_50m,female,大三、大四,66,9.6
sprint_50m,female,大三、大四,64,9.8
sprint_50m,female,大三、大四,62,10
sprint_50m,female,大三、大四,60,10.2
sprint_50m,female,大三、大四,50,10.4
sprint_50m,female,大三、大四,40,10.6
sprint_50m,female,大三、大四,30,10.8
sprint_50m,female,大三、大四,20,11
sprint_50m,female,大三、大四,10,11.2
sit_and_reach,male,大一、大二,100,24.9
sit_and_reach,male,大一、大二,95,23.1
sit_and_reach,male,大一、大二,90,21.3
sit_and_reach,male,大一、大二,85,19.5
sit_and_reach,male,大一、大二,80,17.7
sit_and_reach,male,大一、大二,78,16.3
sit_and_reach,male,大一、大二,76,14.9
sit_and_reach,male,大一、大二,74,13.5
sit_and_reach,male,大一、大二,72,12.1
sit_and_reach,male,大一、大二,70,10.7
sit_and_reach,male,大一、大二,68,9.3
sit_and_reach,male,大一、大二,66,7.9
sit_and_reach,male,大一、大二,64,6.5
sit_and_reach,male,大一、大二,62,5.1
sit_and_reach,male,大一、大二,60,3.7
sit_and_reach,male,大一、大二,50,2.7
sit_and_reach,male,大一、大二,40,1.7
sit_and_reach,male,大一、大二,30,0.7
sit_and_reach,male,大一、大二,20,-0.3
sit_and_reach,male,大一、大二,10,-1.3
sit_and_reach,male,大三、大四,100,25.1
sit_and_reach,male,大三、大四,95,23.3
sit_and_reach,male,大三、大四,90,21.5
sit_and_reach,male,大三、大四,85,19.9
sit_and_reach,male,大三、大四,80,18.2
sit_and_reach,male,大三、大四,78,16.8
sit_and_reach,male,大三、大四,76,15.4
sit_and_reach,male,大三、大四,74,14
sit_and_reach,male,大三、大四,72,12.6
sit_and_reach,male,大三、大四,70,11.2
sit_and_reach,male,大三、大四,68,9.8
sit_and_reach,male,大三、大四,66,8.4
sit_and_reach,male,大三、大四,64,7
sit_and_reach,male,大三、大四,62,5.6
sit_and_reach,male,大三、大四,60,4.2
sit_and_reach,male,大三、大四,50,3.2
sit_and_reach,male,大三、大四,40,2.2
sit_and_reach,male,大三、大四,30,1.2
sit_and_reach,male,大三、大四,20,0.2
sit_and_reach,male,大三、大四,10,-0.8
sit_and_reach,female,大一、大二,100,25.8
sit_and_reach,female,大一、大二,95,24
sit_and_reach,female,大一、大二,90,22.2
sit_and_reach,female,大一、大二,85,20.6
sit_and_reach,female,大一、大二,80,19
sit_and_reach,female,大一、大二,78,17.7
sit_and_reach,female,大一、大二,76,16.4
sit_and_reach,female,大一、大二,74,15.1
sit_and_reach,female,大一、大二,72,13.8
sit_and_reach,female,大一、大二,70,12.5
sit_and_reach,female,大一、大二,68,11.2
sit_and_reach,female,大一、大二,66,9.9
sit_and_reach,female,大一、大二,64,8.6
sit_and_reach,female,大一、大二,62,7.3
sit_and_reach,female,大一、大二,60,6
sit_and_reach,female,大一、大二,50,5.2
sit_and_reach,female,大一、大二,40,4.4
sit_and_reach,female,大一、大二,30,3.6
sit_and_reach,female,大一、大二,20,2.8
sit_and_reach,female,大一、大二,10,2
sit_and_reach,female,大三、大四,100,26.3
sit_and_reach,female,大三、大四,95,24.4
sit_and_reach,female,大三、大四,90,22.4
sit_and_reach,female,大三、大四,85,21
sit_and_reach,female,大三、大四,80,19.5
sit_and_reach,female,大三、大四,78,18.2
sit_and_reach,female,大三、大四,76,16.9
sit_and_reach,female,大三、大四,74,15.6
sit_and_reach,female,大三、大四,72,14.3
sit_and_reach,female,大三、大四,70,13
sit_and_reach,female,大三、大四,68,11.7
sit_and_reach,female,大三、大四,66,10.4
sit_and_reach,female,大三、大四,64,9.1
sit_and_reach,female,大三、大四,62,7.8
sit_and_reach,female,大三、大四,60,6.5
sit_and_reach,female,大三、大四,50,5.7
sit_and_reach,female,大三、大四,40,4.9
sit_and_reach,female,大三、大四,30,4.1
sit_and_reach,female,大三、大四,20,3.3
sit_and_reach,female,大三、大四,10,2.5
standing_jump,male,大一、大二,100,273
standing_jump,male,大一、大二,95,268
standing_jump,male,大一、大二,90,263
standing_jump,male,大一、大二,85,256
standing_jump,male,大一、大二,80,248
standing_jump,male,大一、大二,78,244
standing_jump,male,大一、大二,76,240
standing_jump,male,大一、大二,74,236
standing_jump,male,大一、大二,72,232
standing_jump,male,大一、大二,70,228
standing_jump,male,大一、大二,68,224
standing_jump,male,大一、大二,66,220
standing_jump,male,大一、大二,64,216
standing_jump,male,大一、大二,62,212
standing_jump,male,大一、大二,60,208
standing_jump,male,大一、大二,50,203
standing_jump,male,大一、大二,40,198
standing_jump,male,大一、大二,30,193
standing_jump,male,大一、大二,20,188
standing_jump,male,大一、大二,10,183
standing_jump,male,大三、大四,100,275
standing_jump,male,大三、大四,95,270
standing_jump,male,大三、大四,90,265
standing_jump,male,大三、大四,85,258
standing_jump,male,大三、大四,80,250
standing_jump,male,大三、大四,78,246
standing_jump,male,大三、大四,76,242
standing_jump,male,大三、大四,74,238
standing_jump,male,大三、大四,72,234
standing_jump,male,大三、大四,70,230
standing_jump,male,大三、大四,68,226
standing_jump,male,大三、大四,66,222
standing_jump,male,大三、大四,64,218
standing_jump,male,大三、大四,62,214
standing_jump,male,大三、大四,60,210
standing_jump,male,大三、大四,50,205
standing_jump,male,大三、大四,40,200
standing_jump,male,大三、大四,30,195
standing_jump,male,大三、大四,20,190
standing_jump,male,大三、大四,10,185
standing_jump,female,大一、大二,100,207
standing_jump,female,大一、大二,95,201
standing_jump,female,大一、大二,90,195
standing_jump,female,大一、大二,85,188
standing_jump,female,大一、大二,80,181
standing_jump,female,大一、大二,78,178
standing_jump,female,大一、大二,76,175
standing_jump,female,大一、大二,74,172
standing_jump,female,大一、大二,72,169
standing_jump,female,大一、大二,70,166
standing_jump,female,大一、大二,68,163
standing_jump,female,大一、大二,66,160
standing_jump,female,大一、大二,64,157
standing_jump,female,大一、大二,62,154
standing_jump,female,大一、大二,60,151
standing_jump,female,大一、大二,50,146
standing_jump,female,大一、大二,40,141
standing_jump,female,大一、大二,30,136
standing_jump,female,大一、大二,20,131
standing_jump,female,大一、大二,10,126
standing_jump,female,大三、大四,100,208
standing_jump,female,大三、大四,95,202
standing_jump,female,大三、大四,90,196
standing_jump,female,大三、大四,85,189
standing_jump,female,大三、大四,80,182
standing_jump,female,大三、大四,78,179
standing_jump,female,大三、大四,76,176
standing_jump,female,大三、大四,74,173
standing_jump,female,大三、大四,72,170
standing_jump,female,大三、大四,70,167
standing_jump,female,大三、大四,68,164
standing_jump,female,大三、大四,66,161
standing_jump,female,大三、大四,64,158
standing_jump,female,大三、大四,62,155
standing_jump,female,大三、大四,60,152
standing_jump,female,大三、大四,50,147
standing_jump,female,大三、大四,40,142
standing_jump,female,大三、大四,30,137
standing_jump,female,大三、大四,20,132
standing_jump,female,大三、大四,10,127
distance_run,male,大一、大二,100,197
distance_run,male,大一、大二,95,202
distance_run,male,大一、大二,90,207
distance_run,male,大一、大二,85,214
distance_run,male,大一、大二,80,222
distance_run,male,大一、大二,78,227
distance_run,male,大一、大二,76,232
distance_run,male,大一、大二,74,237
distance_run,male,大一、大二,72,242
distance_run,male,大一、大二,70,247
distance_run,male,大一、大二,68,252
distance_run,male,大一、大二,66,257
distance_run,male,大一、大二,64,262
distance_run,male,大一、大二,62,267
distance_run,male,大一、大二,60,272
distance_run,male,大一、大二,50,292
distance_run,male,大一、大二,40,312
distance_run,male,大一、大二,30,332
distance_run,male,大一、大二,20,352
distance_run,male,大一、大二,10,372
distance_run,male,大三、大四,100,195
distance_run,male,大三、大四,95,200
distance_run,male,大三、大四,90,205
distance_run,male,大三、大四,85,212
distance_run,male,大三、大四,80,220
distance_run,male,大三、大四,78,225
distance_run,male,大三、大四,76,230
distance_run,male,大三、大四,74,235
distance_run,male,大三、大四,72,240
distance_run,male,大三、大四,70,245
distance_run,male,大三、大四,68,250
distance_run,male,大三、大四,66,255
distance_run,male,大三、大四,64,260
distance_run,male,大三、大四,62,265
distance_run,male,大三、大四,60,270
distance_run,male,大三、大四,50,290
distance_run,male,大三、大四,40,310
distance_run,male,大三、大四,30,330
distance_run,male,大三、大四,20,350
distance_run,male,大三、大四,10,370
distance_run,female,大一、大二,100,198
distance_run,female,大一、大二,95,204
distance_run,female,大一、大二,90,210
distance_run,female,大一、大二,85,217
distance_run,female,大一、大二,80,224
distance_run,female,大一、大二,78,229
distance_run,female,大一、大二,76,234
distance_run,female,大一、大二,74,239
distance_run,female,大一、大二,72,244
distance_run,female,大一、大二,70,249
distance_run,female,大一、大二,68,254
distance_run,female,大一、大二,66,259
distance_run,female,大一、大二,64,264
distance_run,female,大一、大二,62,269
distance_run,female,大一、大二,60,274
distance_run,female,大一、大二,50,284
distance_run,female,大一、大二,40,294
distance_run,female,大一、大二,30,304
distance_run,female,大一、大二,20,314
distance_run,female,大一、大二,10,324
distance_run,female,大三、大四,100,196
distance_run,female,大三、大四,95,202
distance_run,female,大三、大四,90,208
distance_run,female,大三、大四,85,215
distance_run,female,大三、大四,80,222
distance_run,female,大三、大四,78,227
distance_run,female,大三、大四,76,232
distance_run,female,大三、大四,74,237
distance_run,female,大三、大四,72,242
distance_run,female,大三、大四,70,247
distance_run,female,大三、大四,68,252
distance_run,female,大三、大四,66,257
distance_run,female,大三、大四,64,262
distance_run,female,大三、大四,62,267
distance_run,female,大三、大四,60,272
distance_run,female,大三、大四,50,282
distance_run,female,大三、大四,40,292
distance_run,female,大三、大四,30,302
distance_run,female,大三、大四,20,312
distance_run,female,大三、大四,10,322
pull_up_or_sit_up,male,大一、大二,100,19
pull_up_or_sit_up,male,大一、大二,95,18
pull_up_or_sit_up,male,大一、大二,90,17
pull_up_or_sit_up,male,大一、大二,85,16
pull_up_or_sit_up,male,大一、大二,80,15
pull_up_or_sit_up,male,大一、大二,76,14
pull_up_or_sit_up,male,大一、大二,72,13
pull_up_or_sit_up,male,大一、大二,68,12
pull_up_or_sit_up,male,大一、大二,64,11
pull_up_or_sit_up,male,大一、大二,60,10
pull_up_or_sit_up,male,大一、大二,50,9
pull_up_or_sit_up,male,大一、大二,40,8
pull_up_or_sit_up,male,大一、大二,30,7
pull_up_or_sit_up,male,大一、大二,20,6
pull_up_or_sit_up,male,大一、大二,10,5
pull_up_or_sit_up,male,大三、大四,100,20
pull_up_or_sit_up,male,大三、大四,95,19
pull_up_or_sit_up,male,大三、大四,90,18
pull_up_or_sit_up,male,大三、大四,85,17
pull_up_or_sit_up,male,大三、大四,80,16
pull_up_or_sit_up,male,大三、大四,76,15
pull_up_or_sit_up,male,大三、大四,72,14
pull_up_or_sit_up,male,大三、大四,68,13
pull_up_or_sit_up,male,大三、大四,64,12
pull_up_or_sit_up,male,大三、大四,60,11
pull_up_or_sit_up,male,大三、大四,50,10
pull_up_or_sit_up,male,大三、大四,40,9
pull_up_or_sit_up,male,大三、大四,30,8
pull_up_or_sit_up,male,大三、大四,20,7
pull_up_or_sit_up,male,大三、大四,10,6
pull_up_or_sit_up,female,大一、大二,100,56
pull_up_or_sit_up,female,大一、大二,95,54
pull_up_or_sit_up,female,大一、大二,90,52
pull_up_or_sit_up,female,大一、大二,85,49
pull_up_or_sit_up,female,大一、大二,80,46
pull_up_or_sit_up,female,大一、大二,78,44
pull_up_or_sit_up,female,大一、大二,76,42
pull_up_or_sit_up,female,大一、大二,74,40
pull_up_or_sit_up,female,大一、大二,72,38
pull_up_or_sit_up,female,大一、大二,70,36
pull_up_or_sit_up,female,大一、大二,68,34
pull_up_or_sit_up,female,大一、大二,66,32
pull_up_or_sit_up,female,大一、大二,64,30
pull_up_or_sit_up,female,大一、大二,62,28
pull_up_or_sit_up,female,大一、大二,60,26
pull_up_or_sit_up,female,大一、大二,50,24
pull_up_or_sit_up,female,大一、大二,40,22
pull_up_or_sit_up,female,大一、大二,30,20
pull_up_or_sit_up,female,大一、大二,20,18
pull_up_or_sit_up,female,大一、大二,10,16
pull_up_or_sit_up,female,大三、大四,100,57
pull_up_or_sit_up,female,大三、大四,95,55
pull_up_or_sit_up,female,大三、大四,90,53
pull_up_or_sit_up,female,大三、大四,85,50
pull_up_or_sit_up,female,大三、大四,80,47
pull_up_or_sit_up,female,大三、大四,78,45
pull_up_or_sit_up,female,大三、大四,76,43
pull_up_or_sit_up,female,大三、大四,74,41
pull_up_or_sit_up,female,大三、大四,72,39
pull_up_or_sit_up,female,大三、大四,70,37
pull_up_or_sit_up,female,大三、大四,68,35
pull_up_or_sit_up,female,大三、大四,66,33
pull_up_or_sit_up,female,大三、大四,64,31
pull_up_or_sit_up,female,大三、大四,62,29
pull_up_or_sit_up,female,大三、大四,60,27
pull_up_or_sit_up,female,大三、大四,50,25
pull_up_or_sit_up,female,大三、大四,40,23
pull_up_or_sit_up,female,大三、大四,30,21
pull_up_or_sit_up,female,大三、大四,20,19
pull_up_or_sit_up,female,大三、大四,10,17
